episode_index,env_seed,step,phase,action_id,action,step_reward,cumulative_reward,served_delta,arrivals_delta,pre_queue_0,post_queue_0,wait_queue_0,served_queue_0,pre_queue_1,post_queue_1,wait_queue_1,served_queue_1,pre_queue_2,post_queue_2,wait_queue_2,served_queue_2
25,10025,1,Inicial,0,Atender maior prioridade,-0.3,-0.3,0,2,0,0,0.0,0,0,2,1.0,0,0,0,0.0,0
25,10025,2,Inicial,0,Atender maior prioridade,1.0,0.7,1,0,0,0,0.0,0,2,1,2.0,1,0,0,0.0,0
25,10025,3,Inicial,0,Atender maior prioridade,1.0,1.7,1,0,0,0,0.0,0,1,0,0.0,1,0,0,0.0,0
25,10025,4,Inicial,0,Atender maior prioridade,-0.3,1.4,0,1,0,0,0.0,0,0,1,1.0,0,0,0,0.0,0
25,10025,5,Inicial,0,Atender maior prioridade,1.0,2.4,1,1,0,0,0.0,0,1,1,2.0,1,0,0,0.0,0
25,10025,6,Inicial,0,Atender maior prioridade,1.0,3.4,1,2,0,0,0.0,0,1,1,3.0,1,0,1,1.0,0
25,10025,7,Inicial,0,Atender maior prioridade,0.9,4.3,1,0,0,0,0.0,0,1,1,4.0,0,1,0,0.0,1
25,10025,8,Inicial,0,Atender maior prioridade,1.0,5.3,1,0,0,0,0.0,0,1,0,0.0,1,0,0,0.0,0
25,10025,9,Inicial,0,Atender maior prioridade,-0.3,5.0,0,2,0,0,0.0,0,0,2,1.0,0,0,0,0.0,0
25,10025,10,Inicial,0,Atender maior prioridade,1.0,6.0,1,2,0,2,1.0,0,2,1,2.0,1,0,0,0.0,0
25,10025,11,Inicial,0,Atender maior prioridade,1.0,7.0,1,2,2,3,2.0,0,1,0,0.0,1,0,1,1.0,0
25,10025,12,Inicial,0,Atender maior prioridade,1.0,8.0,1,0,3,3,3.0,0,0,0,0.0,0,1,0,0.0,1
25,10025,13,Inicial,0,Atender maior prioridade,0.9,8.9,1,1,3,2,4.0,1,0,1,1.0,0,0,0,0.0,0
25,10025,14,Inicial,0,Atender maior prioridade,0.8,9.700000000000001,1,1,2,2,5.0,0,1,1,2.0,1,0,0,0.0,0
25,10025,15,Inicial,0,Atender maior prioridade,0.7,10.4,1,1,2,3,6.0,0,1,0,0.0,1,0,0,0.0,0
25,10025,16,Inicial,0,Atender maior prioridade,0.6,11.0,1,1,3,2,7.0,1,0,0,0.0,0,0,1,1.0,0
25,10025,17,Inicial,0,Atender maior prioridade,0.5,11.5,1,0,2,2,8.0,0,0,0,0.0,0,1,0,0.0,1
25,10025,18,Inicial,1,Atender fila mais longa,0.3999999999999999,11.9,1,0,2,1,9.0,1,0,0,0.0,0,0,0,0.0,0
25,10025,19,Inicial,1,Atender fila mais longa,1.0,12.9,1,0,1,0,0.0,1,0,0,0.0,0,0,0,0.0,0
25,10025,20,Inicial,0,Atender maior prioridade,-0.3,12.6,0,2,0,0,0.0,0,0,2,1.0,0,0,0,0.0,0
25,10025,21,Inicial,0,Atender maior prioridade,1.0,13.6,1,1,0,1,1.0,0,2,1,2.0,1,0,0,0.0,0
25,10025,22,Inicial,0,Atender maior prioridade,1.0,14.6,1,1,1,1,2.0,0,1,0,0.0,1,0,1,1.0,0
25,10025,23,Inicial,0,Atender maior prioridade,1.0,15.6,1,1,1,2,3.0,0,0,0,0.0,0,1,0,0.0,1
25,10025,24,Inicial,0,Atender maior prioridade,0.9,16.5,1,0,2,1,4.0,1,0,0,0.0,0,0,0,0.0,0
25,10025,25,Inicial,0,Atender maior prioridade,1.0,17.5,1,0,1,0,0.0,1,0,0,0.0,0,0,0,0.0,0
25,10025,26,Inicial,0,Atender maior prioridade,-0.3,17.2,0,3,0,1,1.0,0,0,1,1.0,0,0,1,1.0,0
25,10025,27,Inicial,0,Atender maior prioridade,1.0,18.2,1,0,1,1,2.0,0,1,1,2.0,0,1,0,0.0,1
25,10025,28,Inicial,0,Atender maior prioridade,1.0,19.2,1,0,1,1,3.0,0,1,0,0.0,1,0,0,0.0,0
25,10025,29,Inicial,0,Atender maior prioridade,1.0,20.2,1,0,1,0,0.0,1,0,0,0.0,0,0,0,0.0,0
25,10025,30,Inicial,0,Atender maior prioridade,-0.3,19.9,0,0,0,0,0.0,0,0,0,0.0,0,0,0,0.0,0
25,10025,31,Inicial,0,Atender maior prioridade,-0.3,19.599999999999998,0,0,0,0,0.0,0,0,0,0.0,0,0,0,0.0,0
25,10025,32,Inicial,0,Atender maior prioridade,-0.3,19.299999999999997,0,1,0,1,1.0,0,0,0,0.0,0,0,0,0.0,0
25,10025,33,Inicial,0,Atender maior prioridade,1.0,20.299999999999997,1,1,1,1,2.0,1,0,0,0.0,0,0,0,0.0,0
25,10025,34,Intermediária,0,Atender maior prioridade,1.0,21.299999999999997,1,2,1,1,3.0,1,0,1,1.0,0,0,0,0.0,0
25,10025,35,Intermediária,0,Atender maior prioridade,0.9,22.199999999999996,1,3,1,2,4.0,0,1,1,2.0,1,0,1,1.0,0
25,10025,36,Intermediária,0,Atender maior prioridade,0.8,22.999999999999996,1,2,2,3,5.0,0,1,1,3.0,0,1,1,2.0,1
25,10025,37,Intermediária,0,Atender maior prioridade,0.6,23.599999999999998,1,0,3,3,6.0,0,1,1,4.0,0,1,0,0.0,1
25,10025,38,Intermediária,0,Atender maior prioridade,0.6,24.2,1,0,3,3,7.0,0,1,0,0.0,1,0,0,0.0,0
25,10025,39,Intermediária,0,Atender maior prioridade,0.5,24.7,1,2,3,3,8.0,1,0,0,0.0,0,0,1,1.0,0
25,10025,40,Intermediária,0,Atender maior prioridade,0.3999999999999999,25.099999999999998,1,0,3,3,9.0,0,0,0,0.0,0,1,0,0.0,1
25,10025,41,Intermediária,0,Atender maior prioridade,0.29999999999999993,25.4,1,1,3,3,10.0,1,0,0,0.0,0,0,0,0.0,0
25,10025,42,Intermediária,0,Atender maior prioridade,0.19999999999999996,25.599999999999998,1,0,3,2,11.0,1,0,0,0.0,0,0,0,0.0,0
25,10025,43,Intermediária,0,Atender maior prioridade,0.09999999999999998,25.7,1,0,2,1,12.0,1,0,0,0.0,0,0,0,0.0,0
25,10025,44,Intermediária,0,Atender maior prioridade,1.0,26.7,1,0,1,0,0.0,1,0,0,0.0,0,0,0,0.0,0
25,10025,45,Intermediária,0,Atender maior prioridade,-0.3,26.4,0,0,0,0,0.0,0,0,0,0.0,0,0,0,0.0,0
25,10025,46,Intermediária,0,Atender maior prioridade,-0.3,26.099999999999998,0,1,0,0,0.0,0,0,1,1.0,0,0,0,0.0,0
25,10025,47,Intermediária,0,Atender maior prioridade,1.0,27.099999999999998,1,0,0,0,0.0,0,1,0,0.0,1,0,0,0.0,0
25,10025,48,Intermediária,0,Atender maior prioridade,-0.3,26.799999999999997,0,1,0,0,0.0,0,0,1,1.0,0,0,0,0.0,0
25,10025,49,Intermediária,0,Atender maior prioridade,1.0,27.799999999999997,1,2,0,0,0.0,0,1,2,2.0,1,0,0,0.0,0
25,10025,50,Intermediária,0,Atender maior prioridade,1.0,28.799999999999997,1,1,0,1,1.0,0,2,1,3.0,1,0,0,0.0,0
25,10025,51,Intermediária,0,Atender maior prioridade,0.9,29.699999999999996,1,1,1,1,2.0,0,1,1,4.0,1,0,0,0.0,0
25,10025,52,Intermediária,0,Atender maior prioridade,0.8,30.499999999999996,1,1,1,1,3.0,0,1,1,5.0,1,0,0,0.0,0
25,10025,53,Intermediária,0,Atender maior prioridade,0.6,31.099999999999998,1,1,1,1,4.0,0,1,1,6.0,1,0,0,0.0,0
25,10025,54,Intermediária,0,Atender maior prioridade,0.8,31.9,1,2,1,2,5.0,0,1,0,0.0,1,0,1,1.0,0
25,10025,55,Intermediária,0,Atender maior prioridade,0.7,32.6,1,0,2,2,6.0,0,0,0,0.0,0,1,0,0.0,1
25,10025,56,Intermediária,0,Atender maior prioridade,0.6,33.2,1,0,2,1,7.0,1,0,0,0.0,0,0,0,0.0,0
25,10025,57,Intermediária,0,Atender maior prioridade,0.5,33.7,1,2,1,2,8.0,1,0,0,0.0,0,0,0,0.0,0
25,10025,58,Intermediária,0,Atender maior prioridade,0.3999999999999999,34.1,1,2,2,1,9.0,1,0,2,1.0,0,0,0,0.0,0
25,10025,59,Intermediária,0,Atender maior prioridade,0.29999999999999993,34.4,1,1,1,1,10.0,0,2,1,2.0,1,0,1,1.0,0
25,10025,60,Intermediária,0,Atender maior prioridade,0.19999999999999996,34.6,1,1,1,1,11.0,0,1,1,3.0,0,1,1,2.0,1
25,10025,61,Intermediária,0,Atender maior prioridade,-2.7755575615628914e-17,34.6,1,0,1,1,12.0,0,1,1,4.0,0,1,0,0.0,1
25,10025,62,Intermediária,0,Atender maior prioridade,0.0,34.6,1,1,1,2,13.0,0,1,0,0.0,1,0,0,0.0,0
25,10025,63,Intermediária,0,Atender maior prioridade,-0.10000000000000009,34.5,1,0,2,1,14.0,1,0,0,0.0,0,0,0,0.0,0
25,10025,64,Intermediária,0,Atender maior prioridade,1.0,35.5,1,0,1,0,0.0,1,0,0,0.0,0,0,0,0.0,0
25,10025,65,Intermediária,0,Atender maior prioridade,-0.3,35.2,0,0,0,0,0.0,0,0,0,0.0,0,0,0,0.0,0
25,10025,66,Intermediária,0,Atender maior prioridade,-0.3,34.900000000000006,0,2,0,1,1.0,0,0,0,0.0,0,0,1,1.0,0
25,10025,67,Final,0,Atender maior prioridade,1.0,35.900000000000006,1,1,1,1,2.0,0,0,1,1.0,0,1,0,0.0,1
25,10025,68,Final,0,Atender maior prioridade,1.0,36.900000000000006,1,2,1,2,3.0,0,1,1,2.0,1,0,0,0.0,0
25,10025,69,Final,0,Atender maior prioridade,0.9,37.800000000000004,1,0,2,2,4.0,0,1,0,0.0,1,0,0,0.0,0
25,10025,70,Final,0,Atender maior prioridade,0.8,38.6,1,0,2,1,5.0,1,0,0,0.0,0,0,0,0.0,0
25,10025,71,Final,0,Atender maior prioridade,1.0,39.6,1,1,1,0,0.0,1,0,0,0.0,0,0,1,1.0,0
25,10025,72,Final,0,Atender maior prioridade,1.0,40.6,1,2,0,1,1.0,0,0,1,1.0,0,1,0,0.0,1
25,10025,73,Final,0,Atender maior prioridade,1.0,41.6,1,0,1,1,2.0,0,1,0,0.0,1,0,0,0.0,0
25,10025,74,Final,0,Atender maior prioridade,1.0,42.6,1,0,1,0,0.0,1,0,0,0.0,0,0,0,0.0,0
25,10025,75,Final,0,Atender maior prioridade,-0.3,42.300000000000004,0,1,0,1,1.0,0,0,0,0.0,0,0,0,0.0,0
25,10025,76,Final,0,Atender maior prioridade,1.0,43.300000000000004,1,0,1,0,0.0,1,0,0,0.0,0,0,0,0.0,0
25,10025,77,Final,0,Atender maior prioridade,-0.3,43.00000000000001,0,2,0,1,1.0,0,0,1,1.0,0,0,0,0.0,0
25,10025,78,Final,0,Atender maior prioridade,1.0,44.00000000000001,1,1,1,2,2.0,0,1,0,0.0,1,0,0,0.0,0
25,10025,79,Final,0,Atender maior prioridade,1.0,45.00000000000001,1,1,2,1,3.0,1,0,1,1.0,0,0,0,0.0,0
25,10025,80,Final,0,Atender maior prioridade,0.9,45.900000000000006,1,0,1,1,4.0,0,1,0,0.0,1,0,0,0.0,0
25,10025,81,Final,0,Atender maior prioridade,0.8,46.7,1,3,1,1,5.0,1,0,2,1.0,0,0,0,0.0,0
25,10025,82,Final,0,Atender maior prioridade,0.7,47.400000000000006,1,1,1,1,6.0,0,2,2,2.0,1,0,0,0.0,0
25,10025,83,Final,0,Atender maior prioridade,0.6,48.00000000000001,1,2,1,1,7.0,0,2,2,3.0,1,0,1,1.0,0
25,10025,84,Final,0,Atender maior prioridade,0.4,48.400000000000006,1,0,1,1,8.0,0,2,2,4.0,0,1,0,0.0,1
25,10025,85,Final,0,Atender maior prioridade,0.1999999999999999,48.60000000000001,1,1,1,1,9.0,0,2,1,5.0,1,0,1,1.0,0
25,10025,86,Final,0,Atender maior prioridade,-1.1102230246251565e-16,48.60000000000001,1,0,1,1,10.0,0,1,1,6.0,0,1,0,0.0,1
25,10025,87,Final,0,Atender maior prioridade,0.19999999999999996,48.80000000000001,1,0,1,1,11.0,0,1,0,0.0,1,0,0,0.0,0
25,10025,88,Final,0,Atender maior prioridade,1.0,49.80000000000001,1,1,1,0,0.0,1,0,1,1.0,0,0,0,0.0,0
25,10025,89,Final,0,Atender maior prioridade,1.0,50.80000000000001,1,2,0,1,1.0,0,1,1,2.0,1,0,0,0.0,0
25,10025,90,Final,0,Atender maior prioridade,1.0,51.80000000000001,1,2,1,2,2.0,0,1,1,3.0,1,0,0,0.0,0
25,10025,91,Final,0,Atender maior prioridade,1.0,52.80000000000001,1,0,2,2,3.0,0,1,0,0.0,1,0,0,0.0,0
25,10025,92,Final,0,Atender maior prioridade,0.9,53.70000000000001,1,0,2,1,4.0,1,0,0,0.0,0,0,0,0.0,0
25,10025,93,Final,0,Atender maior prioridade,1.0,54.70000000000001,1,1,1,0,0.0,1,0,1,1.0,0,0,0,0.0,0
25,10025,94,Final,0,Atender maior prioridade,1.0,55.70000000000001,1,0,0,0,0.0,0,1,0,0.0,1,0,0,0.0,0
25,10025,95,Final,0,Atender maior prioridade,-0.3,55.40000000000001,0,0,0,0,0.0,0,0,0,0.0,0,0,0,0.0,0
25,10025,96,Final,0,Atender maior prioridade,-0.3,55.100000000000016,0,3,0,0,0.0,0,0,2,1.0,0,0,1,1.0,0
25,10025,97,Final,0,Atender maior prioridade,1.0,56.100000000000016,1,1,0,0,0.0,0,2,3,2.0,0,1,0,0.0,1
25,10025,98,Final,0,Atender maior prioridade,1.0,57.100000000000016,1,0,0,0,0.0,0,3,2,3.0,1,0,0,0.0,0
25,10025,99,Final,0,Atender maior prioridade,0.9,58.000000000000014,1,0,0,0,0.0,0,2,1,4.0,1,0,0,0.0,0
25,10025,100,Final,0,Atender maior prioridade,0.8,58.80000000000001,1,2,0,0,0.0,0,1,1,5.0,1,0,1,1.0,0
37,10037,1,Inicial,0,Atender maior prioridade,-0.3,-0.3,0,1,0,0,0.0,0,0,0,0.0,0,0,1,1.0,0
37,10037,2,Inicial,0,Atender maior prioridade,1.0,0.7,1,2,0,1,1.0,0,0,1,1.0,0,1,0,0.0,1
37,10037,3,Inicial,0,Atender maior prioridade,1.0,1.7,1,0,1,1,2.0,0,1,0,0.0,1,0,0,0.0,0
37,10037,4,Inicial,0,Atender maior prioridade,1.0,2.7,1,0,1,0,0.0,1,0,0,0.0,0,0,0,0.0,0
37,10037,5,Inicial,0,Atender maior prioridade,-0.3,2.4000000000000004,0,1,0,0,0.0,0,0,0,0.0,0,0,1,1.0,0
37,10037,6,Inicial,0,Atender maior prioridade,1.0,3.4000000000000004,1,1,0,0,0.0,0,0,0,0.0,0,1,1,2.0,1
37,10037,7,Inicial,0,Atender maior prioridade,1.0,4.4,1,1,0,0,0.0,0,0,1,1.0,0,1,0,0.0,1
37,10037,8,Inicial,0,Atender maior prioridade,1.0,5.4,1,2,0,1,1.0,0,1,1,2.0,1,0,0,0.0,0
37,10037,9,Inicial,0,Atender maior prioridade,1.0,6.4,1,0,1,1,2.0,0,1,0,0.0,1,0,0,0.0,0
37,10037,10,Inicial,0,Atender maior prioridade,1.0,7.4,1,2,1,2,3.0,1,0,0,0.0,0,0,0,0.0,0
37,10037,11,Inicial,0,Atender maior prioridade,0.9,8.3,1,0,2,1,4.0,1,0,0,0.0,0,0,0,0.0,0
37,10037,12,Inicial,0,Atender maior prioridade,0.8,9.100000000000001,1,2,1,1,5.0,1,0,1,1.0,0,0,0,0.0,0
37,10037,13,Inicial,0,Atender maior prioridade,0.7,9.8,1,1,1,1,6.0,0,1,1,2.0,1,0,0,0.0,0
37,10037,14,Inicial,0,Atender maior prioridade,0.6,10.4,1,0,1,1,7.0,0,1,0,0.0,1,0,0,0.0,0
37,10037,15,Inicial,1,Atender fila mais longa,1.0,11.4,1,0,1,0,0.0,1,0,0,0.0,0,0,0,0.0,0
37,10037,16,Inicial,0,Atender maior prioridade,-0.3,11.1,0,0,0,0,0.0,0,0,0,0.0,0,0,0,0.0,0
37,10037,17,Inicial,0,Atender maior prioridade,-0.3,10.799999999999999,0,3,0,2,1.0,0,0,1,1.0,0,0,0,0.0,0
37,10037,18,Inicial,0,Atender maior prioridade,1.0,11.799999999999999,1,1,2,3,2.0,0,1,0,0.0,1,0,0,0.0,0
37,10037,19,Inicial,0,Atender maior prioridade,1.0,12.799999999999999,1,3,3,4,3.0,1,0,0,0.0,0,0,1,1.0,0
37,10037,20,Inicial,0,Atender maior prioridade,0.9,13.7,1,0,4,4,4.0,0,0,0,0.0,0,1,0,0.0,1
37,10037,21,Inicial,0,Atender maior prioridade,0.8,14.5,1,0,4,3,5.0,1,0,0,0.0,0,0,0,0.0,0
37,10037,22,Inicial,0,Atender maior prioridade,0.7,15.2,1,0,3,2,6.0,1,0,0,0.0,0,0,0,0.0,0
37,10037,23,Inicial,0,Atender maior prioridade,0.6,15.799999999999999,1,0,2,1,7.0,1,0,0,0.0,0,0,0,0.0,0
37,10037,24,Inicial,0,Atender maior prioridade,1.0,16.799999999999997,1,0,1,0,0.0,1,0,0,0.0,0,0,0,0.0,0
37,10037,25,Inicial,0,Atender maior prioridade,-0.3,16.499999999999996,0,0,0,0,0.0,0,0,0,0.0,0,0,0,0.0,0
37,10037,26,Inicial,0,Atender maior prioridade,-0.3,16.199999999999996,0,0,0,0,0.0,0,0,0,0.0,0,0,0,0.0,0
37,10037,27,Inicial,0,Atender maior prioridade,-0.3,15.899999999999995,0,0,0,0,0.0,0,0,0,0.0,0,0,0,0.0,0
37,10037,28,Inicial,0,Atender maior prioridade,-0.3,15.599999999999994,0,0,0,0,0.0,0,0,0,0.0,0,0,0,0.0,0
37,10037,29,Inicial,0,Atender maior prioridade,-0.3,15.299999999999994,0,0,0,0,0.0,0,0,0,0.0,0,0,0,0.0,0
37,10037,30,Inicial,0,Atender maior prioridade,-0.3,14.999999999999993,0,1,0,1,1.0,0,0,0,0.0,0,0,0,0.0,0
37,10037,31,Inicial,0,Atender maior prioridade,1.0,15.999999999999993,1,4,1,2,2.0,1,0,2,1.0,0,0,0,0.0,0
37,10037,32,Inicial,0,Atender maior prioridade,1.0,16.999999999999993,1,0,2,2,3.0,0,2,1,2.0,1,0,0,0.0,0
37,10037,33,Inicial,0,Atender maior prioridade,0.9,17.89999999999999,1,0,2,2,4.0,0,1,0,0.0,1,0,0,0.0,0
37,10037,34,Intermediária,0,Atender maior prioridade,0.8,18.699999999999992,1,1,2,1,5.0,1,0,0,0.0,0,0,1,1.0,0
37,10037,35,Intermediária,0,Atender maior prioridade,0.7,19.39999999999999,1,0,1,1,6.0,0,0,0,0.0,0,1,0,0.0,1
37,10037,36,Intermediária,0,Atender maior prioridade,0.6,19.999999999999993,1,2,1,1,7.0,1,0,1,1.0,0,0,0,0.0,0
37,10037,37,Intermediária,0,Atender maior prioridade,0.5,20.499999999999993,1,3,1,3,8.0,0,1,1,2.0,1,0,0,0.0,0
37,10037,38,Intermediária,0,Atender maior prioridade,0.3999999999999999,20.89999999999999,1,0,3,3,9.0,0,1,0,0.0,1,0,0,0.0,0
37,10037,39,Intermediária,0,Atender maior prioridade,0.29999999999999993,21.199999999999992,1,1,3,2,10.0,1,0,1,1.0,0,0,0,0.0,0
37,10037,40,Intermediária,0,Atender maior prioridade,0.19999999999999996,21.39999999999999,1,0,2,2,11.0,0,1,0,0.0,1,0,0,0.0,0
37,10037,41,Intermediária,0,Atender maior prioridade,0.09999999999999998,21.499999999999993,1,3,2,2,12.0,1,0,1,1.0,0,0,1,1.0,0
37,10037,42,Intermediária,0,Atender maior prioridade,0.0,21.499999999999993,1,1,2,2,13.0,0,1,2,2.0,0,1,0,0.0,1
37,10037,43,Intermediária,0,Atender maior prioridade,-0.10000000000000009,21.39999999999999,1,0,2,2,14.0,0,2,1,3.0,1,0,0,0.0,0
37,10037,44,Intermediária,0,Atender maior prioridade,-0.30000000000000016,21.09999999999999,1,2,2,3,15.0,0,1,1,4.0,1,0,0,0.0,0
37,10037,45,Intermediária,0,Atender maior prioridade,-0.5,20.59999999999999,1,1,3,3,16.0,0,1,1,5.0,1,0,0,0.0,0
37,10037,46,Intermediária,1,Atender fila mais longa,-0.7000000000000002,19.89999999999999,1,0,3,2,17.0,1,1,1,6.0,0,0,0,0.0,0
37,10037,47,Intermediária,2,Encaminhar fila 0,-2.4,17.499999999999993,1,2,2,1,18.0,1,1,2,7.0,0,0,1,1.0,0
37,10037,48,Intermediária,2,Encaminhar fila 0,-1.0,16.499999999999993,1,0,1,0,0.0,1,2,2,8.0,0,1,1,2.0,0
37,10037,49,Intermediária,0,Atender maior prioridade,0.3999999999999999,16.89999999999999,1,0,0,0,0.0,0,2,2,9.0,0,1,0,0.0,1
37,10037,50,Intermediária,0,Atender maior prioridade,0.29999999999999993,17.199999999999992,1,1,0,1,1.0,0,2,1,10.0,1,0,0,0.0,0
37,10037,51,Intermediária,0,Atender maior prioridade,0.19999999999999996,17.39999999999999,1,2,1,2,2.0,0,1,1,11.0,1,0,0,0.0,0
37,10037,52,Intermediária,0,Atender maior prioridade,1.0,18.39999999999999,1,0,2,2,3.0,0,1,0,0.0,1,0,0,0.0,0
37,10037,53,Intermediária,0,Atender maior prioridade,0.9,19.29999999999999,1,0,2,1,4.0,1,0,0,0.0,0,0,0,0.0,0
37,10037,54,Intermediária,0,Atender maior prioridade,1.0,20.29999999999999,1,4,1,0,0.0,1,0,3,1.0,0,0,1,1.0,0
37,10037,55,Intermediária,0,Atender maior prioridade,1.0,21.29999999999999,1,0,0,0,0.0,0,3,3,2.0,0,1,0,0.0,1
37,10037,56,Intermediária,0,Atender maior prioridade,1.0,22.29999999999999,1,2,0,2,1.0,0,3,2,3.0,1,0,0,0.0,0
37,10037,57,Intermediária,0,Atender maior prioridade,0.9,23.19999999999999,1,0,2,2,2.0,0,2,1,4.0,1,0,0,0.0,0
37,10037,58,Intermediária,0,Atender maior prioridade,0.8,23.99999999999999,1,1,2,2,3.0,0,1,1,5.0,1,0,0,0.0,0
37,10037,59,Intermediária,0,Atender maior prioridade,0.9,24.899999999999988,1,1,2,3,4.0,0,1,0,0.0,1,0,0,0.0,0
37,10037,60,Intermediária,0,Atender maior prioridade,0.8,25.69999999999999,1,0,3,2,5.0,1,0,0,0.0,0,0,0,0.0,0
37,10037,61,Intermediária,0,Atender maior prioridade,0.7,26.399999999999988,1,0,2,1,6.0,1,0,0,0.0,0,0,0,0.0,0
37,10037,62,Intermediária,0,Atender maior prioridade,1.0,27.399999999999988,1,0,1,0,0.0,1,0,0,0.0,0,0,0,0.0,0
37,10037,63,Intermediária,0,Atender maior prioridade,-0.3,27.099999999999987,0,1,0,1,1.0,0,0,0,0.0,0,0,0,0.0,0
37,10037,64,Intermediária,0,Atender maior prioridade,1.0,28.099999999999987,1,1,1,1,2.0,1,0,0,0.0,0,0,0,0.0,0
37,10037,65,Intermediária,0,Atender maior prioridade,1.0,29.099999999999987,1,2,1,0,0.0,1,0,2,1.0,0,0,0,0.0,0
37,10037,66,Intermediária,0,Atender maior prioridade,1.0,30.099999999999987,1,0,0,0,0.0,0,2,1,2.0,1,0,0,0.0,0
37,10037,67,Final,0,Atender maior prioridade,1.0,31.099999999999987,1,0,0,0,0.0,0,1,0,0.0,1,0,0,0.0,0
37,10037,68,Final,0,Atender maior prioridade,-0.3,30.799999999999986,0,1,0,0,0.0,0,0,1,1.0,0,0,0,0.0,0
37,10037,69,Final,0,Atender maior prioridade,1.0,31.799999999999986,1,1,0,0,0.0,0,1,0,0.0,1,0,1,1.0,0
37,10037,70,Final,0,Atender maior prioridade,1.0,32.79999999999998,1,0,0,0,0.0,0,0,0,0.0,0,1,0,0.0,1
37,10037,71,Final,0,Atender maior prioridade,-0.3,32.499999999999986,0,2,0,0,0.0,0,0,1,1.0,0,0,1,1.0,0
37,10037,72,Final,0,Atender maior prioridade,1.0,33.499999999999986,1,0,0,0,0.0,0,1,1,2.0,0,1,0,0.0,1
37,10037,73,Final,0,Atender maior prioridade,1.0,34.499999999999986,1,1,0,0,0.0,0,1,1,3.0,1,0,0,0.0,0
37,10037,74,Final,0,Atender maior prioridade,1.0,35.499999999999986,1,0,0,0,0.0,0,1,0,0.0,1,0,0,0.0,0
37,10037,75,Final,0,Atender maior prioridade,-0.3,35.19999999999999,0,1,0,0,0.0,0,0,1,1.0,0,0,0,0.0,0
37,10037,76,Final,0,Atender maior prioridade,1.0,36.19999999999999,1,1,0,0,0.0,0,1,1,2.0,1,0,0,0.0,0
37,10037,77,Final,0,Atender maior prioridade,1.0,37.19999999999999,1,1,0,0,0.0,0,1,1,3.0,1,0,0,0.0,0
37,10037,78,Final,0,Atender maior prioridade,1.0,38.19999999999999,1,1,0,0,0.0,0,1,0,0.0,1,0,1,1.0,0
37,10037,79,Final,0,Atender maior prioridade,1.0,39.19999999999999,1,1,0,1,1.0,0,0,0,0.0,0,1,0,0.0,1
37,10037,80,Final,0,Atender maior prioridade,1.0,40.19999999999999,1,1,1,0,0.0,1,0,1,1.0,0,0,0,0.0,0
37,10037,81,Final,0,Atender maior prioridade,1.0,41.19999999999999,1,2,0,0,0.0,0,1,1,2.0,1,0,1,1.0,0
37,10037,82,Final,0,Atender maior prioridade,1.0,42.19999999999999,1,0,0,0,0.0,0,1,1,3.0,0,1,0,0.0,1
37,10037,83,Final,0,Atender maior prioridade,0.9,43.09999999999999,1,1,0,0,0.0,0,1,1,4.0,1,0,0,0.0,0
37,10037,84,Final,0,Atender maior prioridade,1.0,44.09999999999999,1,0,0,0,0.0,0,1,0,0.0,1,0,0,0.0,0
37,10037,85,Final,0,Atender maior prioridade,-0.3,43.79999999999999,0,1,0,0,0.0,0,0,0,0.0,0,0,1,1.0,0
37,10037,86,Final,0,Atender maior prioridade,1.0,44.79999999999999,1,2,0,1,1.0,0,0,1,1.0,0,1,0,0.0,1
37,10037,87,Final,0,Atender maior prioridade,1.0,45.79999999999999,1,3,1,2,2.0,0,1,2,2.0,1,0,0,0.0,0
37,10037,88,Final,0,Atender maior prioridade,1.0,46.79999999999999,1,2,2,2,3.0,0,2,2,3.0,1,0,1,1.0,0
37,10037,89,Final,0,Atender maior prioridade,0.8,47.59999999999999,1,0,2,2,4.0,0,2,2,4.0,0,1,0,0.0,1
37,10037,90,Final,0,Atender maior prioridade,0.6000000000000001,48.19999999999999,1,0,2,2,5.0,0,2,1,5.0,1,0,0,0.0,0
37,10037,91,Final,0,Atender maior prioridade,0.7,48.89999999999999,1,1,2,2,6.0,0,1,0,0.0,1,0,1,1.0,0
37,10037,92,Final,0,Atender maior prioridade,0.6,49.49999999999999,1,0,2,2,7.0,0,0,0,0.0,0,1,0,0.0,1
37,10037,93,Final,0,Atender maior prioridade,0.5,49.99999999999999,1,2,2,1,8.0,1,0,1,1.0,0,0,1,1.0,0
37,10037,94,Final,0,Atender maior prioridade,0.3999999999999999,50.39999999999999,1,0,1,1,9.0,0,1,1,2.0,0,1,0,0.0,1
37,10037,95,Final,0,Atender maior prioridade,0.29999999999999993,50.69999999999999,1,1,1,1,10.0,0,1,0,0.0,1,0,1,1.0,0
37,10037,96,Final,0,Atender maior prioridade,0.19999999999999996,50.89999999999999,1,1,1,2,11.0,0,0,0,0.0,0,1,0,0.0,1
37,10037,97,Final,0,Atender maior prioridade,0.09999999999999998,50.99999999999999,1,1,2,1,12.0,1,0,0,0.0,0,0,1,1.0,0
37,10037,98,Final,0,Atender maior prioridade,0.0,50.99999999999999,1,0,1,1,13.0,0,0,0,0.0,0,1,0,0.0,1
37,10037,99,Final,0,Atender maior prioridade,1.0,51.99999999999999,1,2,1,0,0.0,1,0,1,1.0,0,0,1,1.0,0
37,10037,100,Final,0,Atender maior prioridade,1.0,52.99999999999999,1,1,0,0,0.0,0,1,2,2.0,0,1,0,0.0,1
2,10002,1,Inicial,0,Atender maior prioridade,-0.3,-0.3,0,0,0,0,0.0,0,0,0,0.0,0,0,0,0.0,0
2,10002,2,Inicial,0,Atender maior prioridade,-0.3,-0.6,0,1,0,0,0.0,0,0,1,1.0,0,0,0,0.0,0
2,10002,3,Inicial,0,Atender maior prioridade,1.0,0.4,1,2,0,0,0.0,0,1,1,2.0,1,0,1,1.0,0
2,10002,4,Inicial,0,Atender maior prioridade,1.0,1.4,1,2,0,2,1.0,0,1,1,3.0,0,1,0,0.0,1
2,10002,5,Inicial,0,Atender maior prioridade,0.9,2.3,1,1,2,2,2.0,0,1,1,4.0,1,0,0,0.0,0
2,10002,6,Inicial,0,Atender maior prioridade,1.0,3.3,1,1,2,3,3.0,0,1,0,0.0,1,0,0,0.0,0
2,10002,7,Inicial,0,Atender maior prioridade,0.9,4.2,1,1,3,3,4.0,1,0,0,0.0,0,0,0,0.0,0
2,10002,8,Inicial,0,Atender maior prioridade,0.8,5.0,1,1,3,2,5.0,1,0,1,1.0,0,0,0,0.0,0
2,10002,9,Inicial,0,Atender maior prioridade,0.7,5.7,1,2,2,4,6.0,0,1,0,0.0,1,0,0,0.0,0
2,10002,10,Inicial,0,Atender maior prioridade,0.6,6.3,1,0,4,3,7.0,1,0,0,0.0,0,0,0,0.0,0
2,10002,11,Inicial,0,Atender maior prioridade,0.5,6.8,1,0,3,2,8.0,1,0,0,0.0,0,0,0,0.0,0
2,10002,12,Inicial,1,Atender fila mais longa,0.3999999999999999,7.199999999999999,1,2,2,2,9.0,1,0,1,1.0,0,0,0,0.0,0
2,10002,13,Inicial,2,Encaminhar fila 0,-1.2000000000000002,5.999999999999999,1,2,2,1,10.0,1,1,3,2.0,0,0,0,0.0,0
2,10002,14,Inicial,2,Encaminhar fila 0,-0.5,5.499999999999999,1,0,1,0,0.0,1,3,3,3.0,0,0,0,0.0,0
2,10002,15,Inicial,0,Atender maior prioridade,0.9,6.3999999999999995,1,1,0,0,0.0,0,3,2,4.0,1,0,1,1.0,0
2,10002,16,Inicial,0,Atender maior prioridade,0.8,7.199999999999999,1,2,0,1,1.0,0,2,3,5.0,0,1,0,0.0,1
2,10002,17,Inicial,0,Atender maior prioridade,0.7,7.8999999999999995,1,1,1,1,2.0,0,3,3,6.0,1,0,0,0.0,0
2,10002,18,Inicial,0,Atender maior prioridade,0.6,8.5,1,0,1,1,3.0,0,3,2,7.0,1,0,0,0.0,0
2,10002,19,Inicial,0,Atender maior prioridade,0.4,8.9,1,0,1,1,4.0,0,2,1,8.0,1,0,0,0.0,0
2,10002,20,Inicial,0,Atender maior prioridade,0.8,9.700000000000001,1,0,1,1,5.0,0,1,0,0.0,1,0,0,0.0,0
2,10002,21,Inicial,0,Atender maior prioridade,1.0,10.700000000000001,1,3,1,0,0.0,1,0,2,1.0,0,0,1,1.0,0
2,10002,22,Inicial,0,Atender maior prioridade,1.0,11.700000000000001,1,0,0,0,0.0,0,2,2,2.0,0,1,0,0.0,1
2,10002,23,Inicial,0,Atender maior prioridade,1.0,12.700000000000001,1,0,0,0,0.0,0,2,1,3.0,1,0,0,0.0,0
2,10002,24,Inicial,0,Atender maior prioridade,0.9,13.600000000000001,1,1,0,0,0.0,0,1,1,4.0,1,0,0,0.0,0
2,10002,25,Inicial,0,Atender maior prioridade,0.8,14.400000000000002,1,1,0,0,0.0,0,1,1,5.0,1,0,0,0.0,0
2,10002,26,Inicial,0,Atender maior prioridade,0.7,15.100000000000001,1,2,0,1,1.0,0,1,1,6.0,1,0,0,0.0,0
2,10002,27,Inicial,0,Atender maior prioridade,1.0,16.1,1,0,1,1,2.0,0,1,0,0.0,1,0,0,0.0,0
2,10002,28,Inicial,0,Atender maior prioridade,1.0,17.1,1,0,1,0,0.0,1,0,0,0.0,0,0,0,0.0,0
2,10002,29,Inicial,0,Atender maior prioridade,-0.3,16.8,0,0,0,0,0.0,0,0,0,0.0,0,0,0,0.0,0
2,10002,30,Inicial,0,Atender maior prioridade,-0.3,16.5,0,1,0,1,1.0,0,0,0,0.0,0,0,0,0.0,0
2,10002,31,Inicial,0,Atender maior prioridade,1.0,17.5,1,0,1,0,0.0,1,0,0,0.0,0,0,0,0.0,0
2,10002,32,Inicial,0,Atender maior prioridade,-0.3,17.2,0,0,0,0,0.0,0,0,0,0.0,0,0,0,0.0,0
2,10002,33,Inicial,0,Atender maior prioridade,-0.3,16.9,0,1,0,0,0.0,0,0,0,0.0,0,0,1,1.0,0
2,10002,34,Intermediária,0,Atender maior prioridade,1.0,17.9,1,1,0,0,0.0,0,0,1,1.0,0,1,0,0.0,1
2,10002,35,Intermediária,0,Atender maior prioridade,1.0,18.9,1,1,0,0,0.0,0,1,1,2.0,1,0,0,0.0,0
2,10002,36,Intermediária,0,Atender maior prioridade,1.0,19.9,1,1,0,0,0.0,0,1,1,3.0,1,0,0,0.0,0
2,10002,37,Intermediária,0,Atender maior prioridade,1.0,20.9,1,2,0,1,1.0,0,1,0,0.0,1,0,1,1.0,0
2,10002,38,Intermediária,0,Atender maior prioridade,1.0,21.9,1,0,1,1,2.0,0,0,0,0.0,0,1,0,0.0,1
2,10002,39,Intermediária,0,Atender maior prioridade,1.0,22.9,1,3,1,0,0.0,1,0,2,1.0,0,0,1,1.0,0
2,10002,40,Intermediária,0,Atender maior prioridade,1.0,23.9,1,0,0,0,0.0,0,2,2,2.0,0,1,0,0.0,1
2,10002,41,Intermediária,0,Atender maior prioridade,1.0,24.9,1,0,0,0,0.0,0,2,1,3.0,1,0,0,0.0,0
2,10002,42,Intermediária,0,Atender maior prioridade,1.0,25.9,1,0,0,0,0.0,0,1,0,0.0,1,0,0,0.0,0
2,10002,43,Intermediária,0,Atender maior prioridade,-0.3,25.599999999999998,0,1,0,0,0.0,0,0,0,0.0,0,0,1,1.0,0
2,10002,44,Intermediária,0,Atender maior prioridade,1.0,26.599999999999998,1,1,0,0,0.0,0,0,1,1.0,0,1,0,0.0,1
2,10002,45,Intermediária,0,Atender maior prioridade,1.0,27.599999999999998,1,1,0,1,1.0,0,1,0,0.0,1,0,0,0.0,0
2,10002,46,Intermediária,0,Atender maior prioridade,1.0,28.599999999999998,1,1,1,0,0.0,1,0,1,1.0,0,0,0,0.0,0
2,10002,47,Intermediária,0,Atender maior prioridade,1.0,29.599999999999998,1,1,0,1,1.0,0,1,0,0.0,1,0,0,0.0,0
2,10002,48,Intermediária,0,Atender maior prioridade,1.0,30.599999999999998,1,1,1,1,2.0,1,0,0,0.0,0,0,0,0.0,0
2,10002,49,Intermediária,0,Atender maior prioridade,1.0,31.599999999999998,1,0,1,0,0.0,1,0,0,0.0,0,0,0,0.0,0
2,10002,50,Intermediária,0,Atender maior prioridade,-0.3,31.299999999999997,0,0,0,0,0.0,0,0,0,0.0,0,0,0,0.0,0
2,10002,51,Intermediária,0,Atender maior prioridade,-0.3,30.999999999999996,0,1,0,1,1.0,0,0,0,0.0,0,0,0,0.0,0
2,10002,52,Intermediária,0,Atender maior prioridade,1.0,31.999999999999996,1,0,1,0,0.0,1,0,0,0.0,0,0,0,0.0,0
2,10002,53,Intermediária,0,Atender maior prioridade,-0.3,31.699999999999996,0,1,0,0,0.0,0,0,1,1.0,0,0,0,0.0,0
2,10002,54,Intermediária,0,Atender maior prioridade,1.0,32.699999999999996,1,0,0,0,0.0,0,1,0,0.0,1,0,0,0.0,0
2,10002,55,Intermediária,0,Atender maior prioridade,-0.3,32.4,0,0,0,0,0.0,0,0,0,0.0,0,0,0,0.0,0
2,10002,56,Intermediária,0,Atender maior prioridade,-0.3,32.1,0,0,0,0,0.0,0,0,0,0.0,0,0,0,0.0,0
2,10002,57,Intermediária,0,Atender maior prioridade,-0.3,31.8,0,1,0,1,1.0,0,0,0,0.0,0,0,0,0.0,0
2,10002,58,Intermediária,0,Atender maior prioridade,1.0,32.8,1,3,1,1,2.0,1,0,2,1.0,0,0,0,0.0,0
2,10002,59,Intermediária,0,Atender maior prioridade,1.0,33.8,1,0,1,1,3.0,0,2,1,2.0,1,0,0,0.0,0
2,10002,60,Intermediária,0,Atender maior prioridade,0.9,34.699999999999996,1,1,1,1,4.0,0,1,1,3.0,1,0,0,0.0,0
2,10002,61,Intermediária,0,Atender maior prioridade,0.8,35.49999999999999,1,0,1,1,5.0,0,1,0,0.0,1,0,0,0.0,0
2,10002,62,Intermediária,0,Atender maior prioridade,1.0,36.49999999999999,1,0,1,0,0.0,1,0,0,0.0,0,0,0,0.0,0
2,10002,63,Intermediária,0,Atender maior prioridade,-0.3,36.199999999999996,0,1,0,0,0.0,0,0,0,0.0,0,0,1,1.0,0
2,10002,64,Intermediária,0,Atender maior prioridade,1.0,37.199999999999996,1,0,0,0,0.0,0,0,0,0.0,0,1,0,0.0,1
2,10002,65,Intermediária,0,Atender maior prioridade,-0.3,36.9,0,2,0,1,1.0,0,0,1,1.0,0,0,0,0.0,0
2,10002,66,Intermediária,0,Atender maior prioridade,1.0,37.9,1,1,1,1,2.0,0,1,1,2.0,1,0,0,0.0,0
2,10002,67,Final,0,Atender maior prioridade,1.0,38.9,1,1,1,2,3.0,0,1,0,0.0,1,0,0,0.0,0
2,10002,68,Final,0,Atender maior prioridade,0.9,39.8,1,0,2,1,4.0,1,0,0,0.0,0,0,0,0.0,0
2,10002,69,Final,0,Atender maior prioridade,0.8,40.599999999999994,1,1,1,1,5.0,1,0,0,0.0,0,0,0,0.0,0
2,10002,70,Final,0,Atender maior prioridade,1.0,41.599999999999994,1,2,1,0,0.0,1,0,2,1.0,0,0,0,0.0,0
2,10002,71,Final,0,Atender maior prioridade,1.0,42.599999999999994,1,1,0,0,0.0,0,2,1,2.0,1,0,1,1.0,0
2,10002,72,Final,0,Atender maior prioridade,1.0,43.599999999999994,1,0,0,0,0.0,0,1,1,3.0,0,1,0,0.0,1
2,10002,73,Final,0,Atender maior prioridade,0.9,44.49999999999999,1,2,0,0,0.0,0,1,2,4.0,1,0,0,0.0,0
2,10002,74,Final,0,Atender maior prioridade,0.8,45.29999999999999,1,0,0,0,0.0,0,2,1,5.0,1,0,0,0.0,0
2,10002,75,Final,0,Atender maior prioridade,1.0,46.29999999999999,1,0,0,0,0.0,0,1,0,0.0,1,0,0,0.0,0
2,10002,76,Final,0,Atender maior prioridade,-0.3,45.99999999999999,0,1,0,1,1.0,0,0,0,0.0,0,0,0,0.0,0
2,10002,77,Final,0,Atender maior prioridade,1.0,46.99999999999999,1,1,1,0,0.0,1,0,1,1.0,0,0,0,0.0,0
2,10002,78,Final,0,Atender maior prioridade,1.0,47.99999999999999,1,0,0,0,0.0,0,1,0,0.0,1,0,0,0.0,0
2,10002,79,Final,0,Atender maior prioridade,-0.3,47.699999999999996,0,2,0,1,1.0,0,0,0,0.0,0,0,1,1.0,0
2,10002,80,Final,0,Atender maior prioridade,1.0,48.699999999999996,1,1,1,1,2.0,0,0,0,0.0,0,1,1,2.0,1
2,10002,81,Final,0,Atender maior prioridade,1.0,49.699999999999996,1,4,1,5,3.0,0,0,0,0.0,0,1,0,0.0,1
2,10002,82,Final,0,Atender maior prioridade,0.9,50.599999999999994,1,0,5,4,4.0,1,0,0,0.0,0,0,0,0.0,0
2,10002,83,Final,0,Atender maior prioridade,0.8,51.39999999999999,1,1,4,4,5.0,1,0,0,0.0,0,0,0,0.0,0
2,10002,84,Final,0,Atender maior prioridade,0.7,52.099999999999994,1,0,4,3,6.0,1,0,0,0.0,0,0,0,0.0,0
2,10002,85,Final,0,Atender maior prioridade,0.6,52.699999999999996,1,1,3,2,7.0,1,0,1,1.0,0,0,0,0.0,0
2,10002,86,Final,0,Atender maior prioridade,0.5,53.199999999999996,1,1,2,2,8.0,0,1,1,2.0,1,0,0,0.0,0
2,10002,87,Final,0,Atender maior prioridade,0.3999999999999999,53.599999999999994,1,1,2,3,9.0,0,1,0,0.0,1,0,0,0.0,0
2,10002,88,Final,0,Atender maior prioridade,0.29999999999999993,53.89999999999999,1,1,3,2,10.0,1,0,1,1.0,0,0,0,0.0,0
2,10002,89,Final,0,Atender maior prioridade,0.19999999999999996,54.099999999999994,1,0,2,2,11.0,0,1,0,0.0,1,0,0,0.0,0
2,10002,90,Final,0,Atender maior prioridade,0.09999999999999998,54.199999999999996,1,2,2,1,12.0,1,0,2,1.0,0,0,0,0.0,0
2,10002,91,Final,0,Atender maior prioridade,0.0,54.199999999999996,1,1,1,2,13.0,0,2,1,2.0,1,0,0,0.0,0
2,10002,92,Final,0,Atender maior prioridade,-0.10000000000000009,54.099999999999994,1,1,2,2,14.0,0,1,1,3.0,1,0,0,0.0,0
2,10002,93,Final,0,Atender maior prioridade,-0.20000000000000018,53.89999999999999,1,0,2,2,15.0,0,1,0,0.0,1,0,0,0.0,0
2,10002,94,Final,0,Atender maior prioridade,-0.30000000000000004,53.599999999999994,1,2,2,2,16.0,1,0,1,1.0,0,0,0,0.0,0
2,10002,95,Final,0,Atender maior prioridade,-0.40000000000000013,53.199999999999996,1,0,2,2,17.0,0,1,0,0.0,1,0,0,0.0,0
2,10002,96,Final,0,Atender maior prioridade,-0.5,52.699999999999996,1,1,2,1,18.0,1,0,1,1.0,0,0,0,0.0,0
2,10002,97,Final,0,Atender maior prioridade,-0.6000000000000001,52.099999999999994,1,3,1,2,19.0,0,1,2,2.0,1,0,0,0.0,0
2,10002,98,Final,0,Atender maior prioridade,-0.7000000000000002,51.39999999999999,1,0,2,2,20.0,0,2,1,3.0,1,0,0,0.0,0
2,10002,99,Final,0,Atender maior prioridade,-0.9,50.49999999999999,1,1,2,2,21.0,0,1,1,4.0,1,0,0,0.0,0
2,10002,100,Final,0,Atender maior prioridade,-1.1,49.39999999999999,1,4,2,4,22.0,0,1,1,5.0,1,0,1,1.0,0
73,10073,1,Inicial,0,Atender maior prioridade,-0.3,-0.3,0,3,0,1,1.0,0,0,1,1.0,0,0,1,1.0,0
73,10073,2,Inicial,0,Atender maior prioridade,1.0,0.7,1,3,1,2,2.0,0,1,2,2.0,0,1,1,2.0,1
73,10073,3,Inicial,0,Atender maior prioridade,1.0,1.7,1,1,2,2,3.0,0,2,3,3.0,0,1,0,0.0,1
73,10073,4,Inicial,0,Atender maior prioridade,0.8,2.5,1,0,2,2,4.0,0,3,2,4.0,1,0,0,0.0,0
73,10073,5,Inicial,0,Atender maior prioridade,0.6000000000000001,3.1,1,2,2,2,5.0,0,2,3,5.0,1,0,0,0.0,0
73,10073,6,Inicial,0,Atender maior prioridade,0.3999999999999999,3.5,1,3,2,4,6.0,0,3,3,6.0,1,0,0,0.0,0
73,10073,7,Inicial,0,Atender maior prioridade,0.19999999999999996,3.7,1,1,4,5,7.0,0,3,2,7.0,1,0,0,0.0,0
73,10073,8,Inicial,0,Atender maior prioridade,0.0,3.7,1,2,5,6,8.0,0,2,1,8.0,1,0,1,1.0,0
73,10073,9,Inicial,0,Atender maior prioridade,-0.20000000000000018,3.5,1,1,6,6,9.0,0,1,2,9.0,0,1,0,0.0,1
73,10073,10,Inicial,0,Atender maior prioridade,-0.40000000000000013,3.0999999999999996,1,1,6,6,10.0,0,2,2,10.0,1,0,0,0.0,0
73,10073,11,Inicial,0,Atender maior prioridade,-0.6000000000000001,2.4999999999999996,1,1,6,7,11.0,0,2,1,11.0,1,0,0,0.0,0
73,10073,12,Inicial,0,Atender maior prioridade,0.09999999999999998,2.5999999999999996,1,0,7,7,12.0,0,1,0,0.0,1,0,0,0.0,0
73,10073,13,Inicial,0,Atender maior prioridade,0.0,2.5999999999999996,1,2,7,6,13.0,1,0,1,1.0,0,0,1,1.0,0
73,10073,14,Inicial,0,Atender maior prioridade,-0.10000000000000009,2.4999999999999996,1,0,6,6,14.0,0,1,1,2.0,0,1,0,0.0,1
73,10073,15,Inicial,2,Encaminhar fila 0,-1.7000000000000002,0.7999999999999994,1,0,6,5,15.0,1,1,1,3.0,0,0,0,0.0,0
73,10073,16,Inicial,2,Encaminhar fila 0,-1.9000000000000001,-1.1000000000000008,1,0,5,4,16.0,1,1,1,4.0,0,0,0,0.0,0
73,10073,17,Inicial,2,Encaminhar fila 0,-2.1,-3.200000000000001,1,2,4,3,17.0,1,1,2,5.0,0,0,1,1.0,0
73,10073,18,Inicial,2,Encaminhar fila 0,-2.3,-5.500000000000001,1,1,3,2,18.0,1,2,3,6.0,0,1,1,2.0,0
73,10073,19,Inicial,2,Encaminhar fila 0,-2.5,-8.0,1,3,2,1,19.0,1,3,5,7.0,0,1,2,3.0,0
73,10073,20,Inicial,2,Encaminhar fila 0,-1.1,-9.1,1,0,1,0,0.0,1,5,5,8.0,0,2,2,4.0,0
73,10073,21,Inicial,0,Atender maior prioridade,0.1999999999999999,-8.9,1,1,0,0,0.0,0,5,6,9.0,0,2,1,5.0,1
73,10073,22,Inicial,0,Atender maior prioridade,0.29999999999999993,-8.6,1,3,0,2,1.0,0,6,7,10.0,0,1,0,0.0,1
73,10073,23,Inicial,0,Atender maior prioridade,0.19999999999999996,-8.4,1,3,2,4,2.0,0,7,7,11.0,1,0,0,0.0,0
73,10073,24,Inicial,0,Atender maior prioridade,0.09999999999999998,-8.3,1,0,4,4,3.0,0,7,6,12.0,1,0,0,0.0,0
73,10073,25,Inicial,0,Atender maior prioridade,-0.09999999999999998,-8.4,1,1,4,4,4.0,0,6,6,13.0,1,0,0,0.0,0
73,10073,26,Inicial,0,Atender maior prioridade,-0.30000000000000004,-8.700000000000001,1,1,4,4,5.0,0,6,6,14.0,1,0,0,0.0,0
73,10073,27,Inicial,0,Atender maior prioridade,-0.5000000000000002,-9.200000000000001,1,1,4,4,6.0,0,6,6,15.0,1,0,0,0.0,0
73,10073,28,Inicial,0,Atender maior prioridade,-0.7000000000000001,-9.9,1,2,4,5,7.0,0,6,6,16.0,1,0,0,0.0,0
73,10073,29,Inicial,0,Atender maior prioridade,-0.9000000000000001,-10.8,1,3,5,5,8.0,0,6,7,17.0,1,0,1,1.0,0
73,10073,30,Inicial,0,Atender maior prioridade,-1.1,-11.9,1,2,5,6,9.0,0,7,7,18.0,0,1,1,2.0,1
73,10073,31,Inicial,0,Atender maior prioridade,-1.3000000000000003,-13.200000000000001,1,0,6,6,10.0,0,7,7,19.0,0,1,0,0.0,1
73,10073,32,Inicial,0,Atender maior prioridade,-1.5000000000000002,-14.700000000000001,1,0,6,6,11.0,0,7,6,20.0,1,0,0,0.0,0
73,10073,33,Inicial,0,Atender maior prioridade,-1.7000000000000002,-16.400000000000002,1,2,6,6,12.0,0,6,6,21.0,1,0,1,1.0,0
73,10073,34,Intermediária,0,Atender maior prioridade,-1.9000000000000001,-18.3,1,0,6,6,13.0,0,6,6,22.0,0,1,0,0.0,1
73,10073,35,Intermediária,0,Atender maior prioridade,-2.1,-20.400000000000002,1,0,6,6,14.0,0,6,5,23.0,1,0,0,0.0,0
73,10073,36,Intermediária,0,Atender maior prioridade,-2.3000000000000003,-22.700000000000003,1,0,6,6,15.0,0,5,4,24.0,1,0,0,0.0,0
73,10073,37,Intermediária,0,Atender maior prioridade,-2.5,-25.200000000000003,1,3,6,6,16.0,0,4,5,25.0,1,0,1,1.0,0
73,10073,38,Intermediária,0,Atender maior prioridade,-2.7,-27.900000000000002,1,1,6,7,17.0,0,5,5,26.0,0,1,0,0.0,1
73,10073,39,Intermediária,0,Atender maior prioridade,-2.9000000000000004,-30.800000000000004,1,1,7,7,18.0,0,5,4,27.0,1,0,1,1.0,0
73,10073,40,Intermediária,0,Atender maior prioridade,-3.1,-33.900000000000006,1,2,7,7,19.0,0,4,6,28.0,0,1,0,0.0,1
73,10073,41,Intermediária,0,Atender maior prioridade,-3.3000000000000003,-37.2,1,0,7,7,20.0,0,6,5,29.0,1,0,0,0.0,0
73,10073,42,Intermediária,0,Atender maior prioridade,-3.5,-40.7,1,2,7,7,21.0,0,5,6,30.0,1,0,0,0.0,0
73,10073,43,Intermediária,0,Atender maior prioridade,-3.7,-44.400000000000006,1,1,7,7,22.0,0,6,6,31.0,1,0,0,0.0,0
73,10073,44,Intermediária,0,Atender maior prioridade,-3.9000000000000004,-48.300000000000004,1,0,7,7,23.0,0,6,5,32.0,1,0,0,0.0,0
73,10073,45,Intermediária,0,Atender maior prioridade,-4.1,-52.400000000000006,1,2,7,7,24.0,0,5,5,33.0,1,0,1,1.0,0
73,10073,46,Intermediária,0,Atender maior prioridade,-4.300000000000001,-56.7,1,4,7,7,25.0,0,5,7,34.0,0,1,2,2.0,1
73,10073,47,Intermediária,0,Atender maior prioridade,-4.5,-61.2,1,1,7,7,26.0,0,7,8,35.0,0,2,1,3.0,1
73,10073,48,Intermediária,0,Atender maior prioridade,-4.700000000000001,-65.9,1,0,7,7,27.0,0,8,8,36.0,0,1,0,0.0,1
73,10073,49,Intermediária,0,Atender maior prioridade,-4.9,-70.80000000000001,1,1,7,7,28.0,0,8,8,37.0,1,0,0,0.0,0
73,10073,50,Intermediária,0,Atender maior prioridade,-5.1,-75.9,1,1,7,8,29.0,0,8,7,38.0,1,0,0,0.0,0
73,10073,51,Intermediária,0,Atender maior prioridade,-5.300000000000001,-81.2,1,0,8,8,30.0,0,7,6,39.0,1,0,0,0.0,0
73,10073,52,Intermediária,0,Atender maior prioridade,-5.5,-86.7,1,0,8,8,31.0,0,6,5,40.0,1,0,0,0.0,0
73,10073,53,Intermediária,0,Atender maior prioridade,-5.700000000000001,-92.4,1,1,8,9,32.0,0,5,4,41.0,1,0,0,0.0,0
73,10073,54,Intermediária,0,Atender maior prioridade,-5.9,-98.30000000000001,1,1,9,9,33.0,0,4,4,42.0,1,0,0,0.0,0
73,10073,55,Intermediária,0,Atender maior prioridade,-6.1,-104.4,1,3,9,10,34.0,0,4,4,43.0,1,0,1,1.0,0
73,10073,56,Intermediária,0,Atender maior prioridade,-6.300000000000001,-110.7,1,1,10,10,35.0,0,4,5,44.0,0,1,0,0.0,1
73,10073,57,Intermediária,0,Atender maior prioridade,-6.5,-117.2,1,3,10,11,36.0,0,5,5,45.0,1,0,1,1.0,0
73,10073,58,Intermediária,0,Atender maior prioridade,-6.7,-123.9,1,1,11,11,37.0,0,5,5,46.0,0,1,1,2.0,1
73,10073,59,Intermediária,0,Atender maior prioridade,-6.9,-130.8,1,0,11,11,38.0,0,5,5,47.0,0,1,0,0.0,1
73,10073,60,Intermediária,0,Atender maior prioridade,-7.1,-137.9,1,2,11,13,39.0,0,5,4,48.0,1,0,0,0.0,0
73,10073,61,Intermediária,0,Atender maior prioridade,-7.300000000000001,-145.20000000000002,1,1,13,13,40.0,0,4,3,49.0,1,0,1,1.0,0
73,10073,62,Intermediária,0,Atender maior prioridade,-7.5,-152.70000000000002,1,2,13,14,41.0,0,3,4,50.0,0,1,0,0.0,1
73,10073,63,Intermediária,0,Atender maior prioridade,-7.700000000000001,-160.4,1,2,14,15,42.0,0,4,3,51.0,1,0,1,1.0,0
73,10073,64,Intermediária,0,Atender maior prioridade,-7.9,-168.3,1,2,15,16,43.0,0,3,4,52.0,0,1,0,0.0,1
73,10073,65,Intermediária,0,Atender maior prioridade,-8.100000000000001,-176.4,1,0,16,16,44.0,0,4,3,53.0,1,0,0,0.0,0
73,10073,66,Intermediária,0,Atender maior prioridade,-8.3,-184.70000000000002,1,1,16,16,45.0,0,3,3,54.0,1,0,0,0.0,0
73,10073,67,Final,0,Atender maior prioridade,-8.5,-193.20000000000002,1,0,16,16,46.0,0,3,2,55.0,1,0,0,0.0,0
73,10073,68,Final,0,Atender maior prioridade,-8.700000000000001,-201.9,1,1,16,16,47.0,0,2,2,56.0,1,0,0,0.0,0
73,10073,69,Final,0,Atender maior prioridade,-8.9,-210.8,1,2,16,17,48.0,0,2,2,57.0,1,0,0,0.0,0
73,10073,70,Final,0,Atender maior prioridade,-9.100000000000001,-219.9,1,1,17,18,49.0,0,2,1,58.0,1,0,0,0.0,0
73,10073,71,Final,0,Atender maior prioridade,-3.7,-223.6,1,0,18,18,50.0,0,1,0,0.0,1,0,0,0.0,0
73,10073,72,Final,1,Atender fila mais longa,-3.8000000000000007,-227.4,1,1,18,17,51.0,1,0,1,1.0,0,0,0,0.0,0
73,10073,73,Final,2,Encaminhar fila 0,-5.4,-232.8,1,2,17,17,52.0,1,1,2,2.0,0,0,0,0.0,0
73,10073,74,Final,2,Encaminhar fila 0,-5.5,-238.3,1,0,17,16,53.0,1,2,2,3.0,0,0,0,0.0,0
73,10073,75,Final,2,Encaminhar fila 0,-5.7,-244.0,1,1,16,15,54.0,1,2,2,4.0,0,0,1,1.0,0
73,10073,76,Final,2,Encaminhar fila 0,-5.9,-249.9,1,1,15,15,55.0,1,2,2,5.0,0,1,1,2.0,0
73,10073,77,Final,2,Encaminhar fila 0,-6.1000000000000005,-256.0,1,0,15,14,56.0,1,2,2,6.0,0,1,1,3.0,0
73,10073,78,Final,2,Encaminhar fila 0,-6.4,-262.4,1,2,14,14,57.0,1,2,2,7.0,0,1,2,4.0,0
73,10073,79,Final,2,Encaminhar fila 0,-6.7,-269.09999999999997,1,1,14,13,58.0,1,2,3,8.0,0,2,2,5.0,0
73,10073,80,Final,2,Encaminhar fila 0,-7.000000000000001,-276.09999999999997,1,1,13,12,59.0,1,3,3,9.0,0,2,3,6.0,0
73,10073,81,Final,2,Encaminhar fila 0,-7.300000000000001,-283.4,1,1,12,11,60.0,1,3,4,10.0,0,3,3,7.0,0
73,10073,82,Final,2,Encaminhar fila 0,-7.6000000000000005,-291.0,1,0,11,10,61.0,1,4,4,11.0,0,3,3,8.0,0
73,10073,83,Final,2,Encaminhar fila 0,-7.9,-298.9,1,0,10,9,62.0,1,4,4,12.0,0,3,3,9.0,0
73,10073,84,Final,2,Encaminhar fila 0,-8.2,-307.09999999999997,1,2,9,8,63.0,1,4,5,13.0,0,3,4,10.0,0
73,10073,85,Final,2,Encaminhar fila 0,-8.500000000000002,-315.59999999999997,1,1,8,8,64.0,1,5,5,14.0,0,4,4,11.0,0
73,10073,86,Final,2,Encaminhar fila 0,-8.8,-324.4,1,3,8,9,65.0,1,5,5,15.0,0,4,5,12.0,0
73,10073,87,Final,2,Encaminhar fila 0,-9.100000000000001,-333.5,1,0,9,8,66.0,1,5,5,16.0,0,5,5,13.0,0
73,10073,88,Final,2,Encaminhar fila 0,-9.4,-342.9,1,0,8,7,67.0,1,5,5,17.0,0,5,5,14.0,0
73,10073,89,Final,2,Encaminhar fila 0,-9.7,-352.59999999999997,1,0,7,6,68.0,1,5,5,18.0,0,5,5,15.0,0
73,10073,90,Final,2,Encaminhar fila 0,-10.000000000000002,-362.59999999999997,1,1,6,6,69.0,1,5,5,19.0,0,5,5,16.0,0
73,10073,91,Final,2,Encaminhar fila 0,-10.3,-372.9,1,4,6,7,70.0,1,5,6,20.0,0,5,6,17.0,0
73,10073,92,Final,2,Encaminhar fila 0,-10.600000000000001,-383.5,1,4,7,6,71.0,1,6,9,21.0,0,6,7,18.0,0
73,10073,93,Final,2,Encaminhar fila 0,-10.9,-394.4,1,0,6,5,72.0,1,9,9,22.0,0,7,7,19.0,0
73,10073,94,Final,2,Encaminhar fila 0,-11.2,-405.59999999999997,1,3,5,5,73.0,1,9,11,23.0,0,7,7,20.0,0
73,10073,95,Final,2,Encaminhar fila 0,-11.500000000000002,-417.09999999999997,1,0,5,4,74.0,1,11,11,24.0,0,7,7,21.0,0
73,10073,96,Final,2,Encaminhar fila 0,-11.8,-428.9,1,2,4,3,75.0,1,11,13,25.0,0,7,7,22.0,0
73,10073,97,Final,2,Encaminhar fila 0,-12.100000000000001,-441.0,1,2,3,3,76.0,1,13,13,26.0,0,7,8,23.0,0
73,10073,98,Final,2,Encaminhar fila 0,-12.4,-453.4,1,0,3,2,77.0,1,13,13,27.0,0,8,8,24.0,0
73,10073,99,Final,2,Encaminhar fila 0,-12.7,-466.09999999999997,1,0,2,1,78.0,1,13,13,28.0,0,8,8,25.0,0
73,10073,100,Final,2,Encaminhar fila 0,-13.000000000000002,-479.09999999999997,1,1,1,1,79.0,1,13,13,29.0,0,8,8,26.0,0
69,10069,1,Inicial,0,Atender maior prioridade,-0.3,-0.3,0,1,0,1,1.0,0,0,0,0.0,0,0,0,0.0,0
69,10069,2,Inicial,0,Atender maior prioridade,1.0,0.7,1,2,1,0,0.0,1,0,1,1.0,0,0,1,1.0,0
69,10069,3,Inicial,0,Atender maior prioridade,1.0,1.7,1,0,0,0,0.0,0,1,1,2.0,0,1,0,0.0,1
69,10069,4,Inicial,0,Atender maior prioridade,1.0,2.7,1,2,0,1,1.0,0,1,1,3.0,1,0,0,0.0,0
69,10069,5,Inicial,0,Atender maior prioridade,0.9,3.6,1,1,1,1,2.0,0,1,1,4.0,1,0,0,0.0,0
69,10069,6,Inicial,0,Atender maior prioridade,1.0,4.6,1,1,1,1,3.0,0,1,0,0.0,1,0,1,1.0,0
69,10069,7,Inicial,0,Atender maior prioridade,0.9,5.5,1,2,1,2,4.0,0,0,1,1.0,0,1,0,0.0,1
69,10069,8,Inicial,0,Atender maior prioridade,0.8,6.3,1,1,2,2,5.0,0,1,0,0.0,1,0,1,1.0,0
69,10069,9,Inicial,0,Atender maior prioridade,0.7,7.0,1,1,2,2,6.0,0,0,1,1.0,0,1,0,0.0,1
69,10069,10,Inicial,0,Atender maior prioridade,0.6,7.6,1,2,2,2,7.0,0,1,1,2.0,1,0,1,1.0,0
69,10069,11,Inicial,0,Atender maior prioridade,0.5,8.1,1,3,2,3,8.0,0,1,2,3.0,0,1,1,2.0,1
69,10069,12,Inicial,0,Atender maior prioridade,0.29999999999999993,8.4,1,0,3,3,9.0,0,2,2,4.0,0,1,0,0.0,1
69,10069,13,Inicial,0,Atender maior prioridade,0.09999999999999992,8.5,1,4,3,6,10.0,0,2,2,5.0,1,0,0,0.0,0
69,10069,14,Inicial,0,Atender maior prioridade,-0.10000000000000009,8.4,1,1,6,6,11.0,0,2,2,6.0,1,0,0,0.0,0
69,10069,15,Inicial,0,Atender maior prioridade,-0.30000000000000004,8.1,1,0,6,6,12.0,0,2,1,7.0,1,0,0,0.0,0
69,10069,16,Inicial,0,Atender maior prioridade,0.0,8.1,1,0,6,6,13.0,0,1,0,0.0,1,0,0,0.0,0
69,10069,17,Inicial,1,Atender fila mais longa,-0.10000000000000009,8.0,1,0,6,5,14.0,1,0,0,0.0,0,0,0,0.0,0
69,10069,18,Inicial,1,Atender fila mais longa,-0.20000000000000018,7.8,1,0,5,4,15.0,1,0,0,0.0,0,0,0,0.0,0
69,10069,19,Inicial,2,Encaminhar fila 0,-1.8,6.0,1,2,4,3,16.0,1,0,2,1.0,0,0,0,0.0,0
69,10069,20,Inicial,2,Encaminhar fila 0,-1.9000000000000001,4.1,1,2,3,2,17.0,1,2,3,2.0,0,0,1,1.0,0
69,10069,21,Inicial,2,Encaminhar fila 0,-2.0,2.0999999999999996,1,0,2,1,18.0,1,3,3,3.0,0,1,1,2.0,0
69,10069,22,Inicial,2,Encaminhar fila 0,-2.2,-0.10000000000000053,1,2,1,2,19.0,1,3,3,4.0,0,1,1,3.0,0
69,10069,23,Inicial,2,Encaminhar fila 0,-2.5,-2.6000000000000005,1,2,2,1,20.0,1,3,5,5.0,0,1,1,4.0,0
69,10069,24,Inicial,2,Encaminhar fila 0,-2.8000000000000003,-5.4,1,4,1,2,21.0,1,5,7,6.0,0,1,1,5.0,0
69,10069,25,Inicial,2,Encaminhar fila 0,-3.1000000000000005,-8.5,1,4,2,4,22.0,1,7,8,7.0,0,1,1,6.0,0
69,10069,26,Inicial,2,Encaminhar fila 0,-3.4,-11.9,1,0,4,3,23.0,1,8,8,8.0,0,1,1,7.0,0
69,10069,27,Inicial,2,Encaminhar fila 0,-3.7,-15.600000000000001,1,3,3,2,24.0,1,8,11,9.0,0,1,1,8.0,0
69,10069,28,Inicial,2,Encaminhar fila 0,-4.0,-19.6,1,1,2,1,25.0,1,11,12,10.0,0,1,1,9.0,0
69,10069,29,Inicial,2,Encaminhar fila 0,-2.0,-21.6,1,0,1,0,0.0,1,12,12,11.0,0,1,1,10.0,0
69,10069,30,Inicial,0,Atender maior prioridade,0.09999999999999998,-21.5,1,1,0,1,1.0,0,12,12,12.0,0,1,0,0.0,1
69,10069,31,Inicial,0,Atender maior prioridade,0.0,-21.5,1,1,1,2,2.0,0,12,11,13.0,1,0,0,0.0,0
69,10069,32,Inicial,0,Atender maior prioridade,-0.10000000000000009,-21.6,1,0,2,2,3.0,0,11,10,14.0,1,0,0,0.0,0
69,10069,33,Inicial,0,Atender maior prioridade,-0.30000000000000016,-21.900000000000002,1,1,2,2,4.0,0,10,10,15.0,1,0,0,0.0,0
69,10069,34,Intermediária,0,Atender maior prioridade,-0.5,-22.400000000000002,1,1,2,3,5.0,0,10,9,16.0,1,0,0,0.0,0
69,10069,35,Intermediária,0,Atender maior prioridade,-0.7000000000000002,-23.1,1,1,3,3,6.0,0,9,8,17.0,1,0,1,1.0,0
69,10069,36,Intermediária,0,Atender maior prioridade,-0.9,-24.0,1,1,3,4,7.0,0,8,8,18.0,0,1,0,0.0,1
69,10069,37,Intermediária,0,Atender maior prioridade,-1.1,-25.1,1,2,4,4,8.0,0,8,7,19.0,1,0,2,1.0,0
69,10069,38,Intermediária,0,Atender maior prioridade,-1.3000000000000003,-26.400000000000002,1,2,4,4,9.0,0,7,9,20.0,0,2,1,2.0,1
69,10069,39,Intermediária,0,Atender maior prioridade,-1.5,-27.900000000000002,1,0,4,4,10.0,0,9,9,21.0,0,1,0,0.0,1
69,10069,40,Intermediária,0,Atender maior prioridade,-1.7000000000000002,-29.6,1,2,4,4,11.0,0,9,9,22.0,1,0,1,1.0,0
69,10069,41,Intermediária,0,Atender maior prioridade,-1.9,-31.5,1,1,4,4,12.0,0,9,9,23.0,0,1,1,2.0,1
69,10069,42,Intermediária,0,Atender maior prioridade,-2.1,-33.6,1,1,4,4,13.0,0,9,10,24.0,0,1,0,0.0,1
69,10069,43,Intermediária,0,Atender maior prioridade,-2.3000000000000003,-35.9,1,0,4,4,14.0,0,10,9,25.0,1,0,0,0.0,0
69,10069,44,Intermediária,0,Atender maior prioridade,-2.5000000000000004,-38.4,1,1,4,5,15.0,0,9,8,26.0,1,0,0,0.0,0
69,10069,45,Intermediária,0,Atender maior prioridade,-2.7,-41.1,1,1,5,6,16.0,0,8,7,27.0,1,0,0,0.0,0
69,10069,46,Intermediária,0,Atender maior prioridade,-2.9000000000000004,-44.0,1,0,6,6,17.0,0,7,6,28.0,1,0,0,0.0,0
69,10069,47,Intermediária,0,Atender maior prioridade,-3.1,-47.1,1,1,6,6,18.0,0,6,5,29.0,1,0,1,1.0,0
69,10069,48,Intermediária,0,Atender maior prioridade,-3.3000000000000003,-50.4,1,1,6,7,19.0,0,5,5,30.0,0,1,0,0.0,1
69,10069,49,Intermediária,0,Atender maior prioridade,-3.5000000000000004,-53.9,1,0,7,7,20.0,0,5,4,31.0,1,0,0,0.0,0
69,10069,50,Intermediária,0,Atender maior prioridade,-3.7,-57.6,1,4,7,9,21.0,0,4,5,32.0,1,0,0,0.0,0
69,10069,51,Intermediária,0,Atender maior prioridade,-3.9000000000000004,-61.5,1,0,9,9,22.0,0,5,4,33.0,1,0,0,0.0,0
69,10069,52,Intermediária,0,Atender maior prioridade,-4.1,-65.6,1,2,9,10,23.0,0,4,3,34.0,1,0,1,1.0,0
69,10069,53,Intermediária,0,Atender maior prioridade,-4.300000000000001,-69.89999999999999,1,1,10,11,24.0,0,3,3,35.0,0,1,0,0.0,1
69,10069,54,Intermediária,0,Atender maior prioridade,-4.5,-74.39999999999999,1,0,11,11,25.0,0,3,2,36.0,1,0,0,0.0,0
69,10069,55,Intermediária,0,Atender maior prioridade,-4.700000000000001,-79.1,1,2,11,12,26.0,0,2,2,37.0,1,0,0,0.0,0
69,10069,56,Intermediária,0,Atender maior prioridade,-4.9,-84.0,1,3,12,14,27.0,0,2,2,38.0,1,0,0,0.0,0
69,10069,57,Intermediária,0,Atender maior prioridade,-5.1,-89.1,1,2,14,14,28.0,0,2,3,39.0,1,0,0,0.0,0
69,10069,58,Intermediária,0,Atender maior prioridade,-5.300000000000001,-94.39999999999999,1,1,14,15,29.0,0,3,2,40.0,1,0,0,0.0,0
69,10069,59,Intermediária,0,Atender maior prioridade,-5.5,-99.89999999999999,1,3,15,15,30.0,0,2,3,41.0,1,0,1,1.0,0
69,10069,60,Intermediária,0,Atender maior prioridade,-5.700000000000001,-105.6,1,0,15,15,31.0,0,3,3,42.0,0,1,0,0.0,1
69,10069,61,Intermediária,0,Atender maior prioridade,-5.9,-111.5,1,3,15,15,32.0,0,3,5,43.0,1,0,0,0.0,0
69,10069,62,Intermediária,0,Atender maior prioridade,-6.1000000000000005,-117.6,1,2,15,15,33.0,0,5,6,44.0,1,0,0,0.0,0
69,10069,63,Intermediária,0,Atender maior prioridade,-6.300000000000001,-123.89999999999999,1,3,15,15,34.0,0,6,7,45.0,1,0,1,1.0,0
69,10069,64,Intermediária,0,Atender maior prioridade,-6.5,-130.39999999999998,1,1,15,15,35.0,0,7,8,46.0,0,1,0,0.0,1
69,10069,65,Intermediária,0,Atender maior prioridade,-6.700000000000001,-137.09999999999997,1,1,15,15,36.0,0,8,8,47.0,1,0,0,0.0,0
69,10069,66,Intermediária,0,Atender maior prioridade,-6.9,-143.99999999999997,1,2,15,15,37.0,0,8,9,48.0,1,0,0,0.0,0
69,10069,67,Final,0,Atender maior prioridade,-7.1000000000000005,-151.09999999999997,1,1,15,16,38.0,0,9,8,49.0,1,0,0,0.0,0
69,10069,68,Final,0,Atender maior prioridade,-7.300000000000001,-158.39999999999998,1,2,16,18,39.0,0,8,7,50.0,1,0,0,0.0,0
69,10069,69,Final,0,Atender maior prioridade,-7.500000000000001,-165.89999999999998,1,0,18,18,40.0,0,7,6,51.0,1,0,0,0.0,0
69,10069,70,Final,0,Atender maior prioridade,-7.700000000000001,-173.59999999999997,1,0,18,18,41.0,0,6,5,52.0,1,0,0,0.0,0
69,10069,71,Final,0,Atender maior prioridade,-7.9,-181.49999999999997,1,1,18,18,42.0,0,5,4,53.0,1,0,1,1.0,0
69,10069,72,Final,0,Atender maior prioridade,-8.100000000000001,-189.59999999999997,1,0,18,18,43.0,0,4,4,54.0,0,1,0,0.0,1
69,10069,73,Final,0,Atender maior prioridade,-8.3,-197.89999999999998,1,0,18,18,44.0,0,4,3,55.0,1,0,0,0.0,0
69,10069,74,Final,0,Atender maior prioridade,-8.5,-206.39999999999998,1,3,18,18,45.0,0,3,4,56.0,1,0,1,1.0,0
69,10069,75,Final,0,Atender maior prioridade,-8.7,-215.09999999999997,1,1,18,19,46.0,0,4,4,57.0,0,1,0,0.0,1
69,10069,76,Final,0,Atender maior prioridade,-8.9,-223.99999999999997,1,0,19,19,47.0,0,4,3,58.0,1,0,0,0.0,0
69,10069,77,Final,0,Atender maior prioridade,-9.100000000000001,-233.09999999999997,1,3,19,21,48.0,0,3,3,59.0,1,0,0,0.0,0
69,10069,78,Final,0,Atender maior prioridade,-9.3,-242.39999999999998,1,2,21,22,49.0,0,3,3,60.0,1,0,0,0.0,0
69,10069,79,Final,0,Atender maior prioridade,-9.5,-251.89999999999998,1,0,22,22,50.0,0,3,2,61.0,1,0,0,0.0,0
69,10069,80,Final,0,Atender maior prioridade,-9.700000000000001,-261.59999999999997,1,1,22,22,51.0,0,2,2,62.0,1,0,0,0.0,0
69,10069,81,Final,0,Atender maior prioridade,-9.9,-271.49999999999994,1,0,22,22,52.0,0,2,1,63.0,1,0,0,0.0,0
69,10069,82,Final,0,Atender maior prioridade,-10.100000000000001,-281.59999999999997,1,2,22,23,53.0,0,1,1,64.0,1,0,0,0.0,0
69,10069,83,Final,0,Atender maior prioridade,-4.1000000000000005,-285.7,1,1,23,23,54.0,0,1,0,0.0,1,0,1,1.0,0
69,10069,84,Final,1,Atender fila mais longa,-4.2,-289.9,1,3,23,22,55.0,1,0,3,1.0,0,1,1,2.0,0
69,10069,85,Final,1,Atender fila mais longa,-4.300000000000001,-294.2,1,1,22,21,56.0,1,3,4,2.0,0,1,1,3.0,0
69,10069,86,Final,1,Atender fila mais longa,-4.5,-298.7,1,0,21,20,57.0,1,4,4,3.0,0,1,1,4.0,0
69,10069,87,Final,1,Atender fila mais longa,-4.8,-303.5,1,1,20,19,58.0,1,4,5,4.0,0,1,1,5.0,0
69,10069,88,Final,1,Atender fila mais longa,-5.1000000000000005,-308.6,1,5,19,19,59.0,1,5,7,5.0,0,1,3,6.0,0
69,10069,89,Final,2,Encaminhar fila 0,-6.9,-315.5,1,0,19,18,60.0,1,7,7,6.0,0,3,3,7.0,0
69,10069,90,Final,2,Encaminhar fila 0,-7.200000000000001,-322.7,1,3,18,17,61.0,1,7,10,7.0,0,3,3,8.0,0
69,10069,91,Final,2,Encaminhar fila 0,-7.5,-330.2,1,1,17,17,62.0,1,10,10,8.0,0,3,3,9.0,0
69,10069,92,Final,2,Encaminhar fila 0,-7.8,-338.0,1,2,17,17,63.0,1,10,11,9.0,0,3,3,10.0,0
69,10069,93,Final,2,Encaminhar fila 0,-8.100000000000001,-346.1,1,2,17,16,64.0,1,11,12,10.0,0,3,4,11.0,0
69,10069,94,Final,2,Encaminhar fila 0,-8.4,-354.5,1,0,16,15,65.0,1,12,12,11.0,0,4,4,12.0,0
69,10069,95,Final,2,Encaminhar fila 0,-8.700000000000001,-363.2,1,1,15,14,66.0,1,12,13,12.0,0,4,4,13.0,0
69,10069,96,Final,2,Encaminhar fila 0,-9.0,-372.2,1,1,14,13,67.0,1,13,14,13.0,0,4,4,14.0,0
69,10069,97,Final,2,Encaminhar fila 0,-9.3,-381.5,1,1,13,12,68.0,1,14,14,14.0,0,4,5,15.0,0
69,10069,98,Final,2,Encaminhar fila 0,-9.600000000000001,-391.1,1,3,12,12,69.0,1,14,16,15.0,0,5,5,16.0,0
69,10069,99,Final,2,Encaminhar fila 0,-9.9,-401.0,1,2,12,12,70.0,1,16,16,16.0,0,5,6,17.0,0
69,10069,100,Final,2,Encaminhar fila 0,-10.200000000000001,-411.2,1,0,12,11,71.0,1,16,16,17.0,0,6,6,18.0,0
55,10055,1,Inicial,0,Atender maior prioridade,-0.3,-0.3,0,0,0,0,0.0,0,0,0,0.0,0,0,0,0.0,0
55,10055,2,Inicial,0,Atender maior prioridade,-0.3,-0.6,0,0,0,0,0.0,0,0,0,0.0,0,0,0,0.0,0
55,10055,3,Inicial,0,Atender maior prioridade,-0.3,-0.8999999999999999,0,2,0,0,0.0,0,0,0,0.0,0,0,2,1.0,0
55,10055,4,Inicial,0,Atender maior prioridade,1.0,0.10000000000000009,1,3,0,1,1.0,0,0,2,1.0,0,2,1,2.0,1
55,10055,5,Inicial,0,Atender maior prioridade,1.0,1.1,1,0,1,1,2.0,0,2,2,2.0,0,1,0,0.0,1
55,10055,6,Inicial,0,Atender maior prioridade,1.0,2.1,1,0,1,1,3.0,0,2,1,3.0,1,0,0,0.0,0
55,10055,7,Inicial,0,Atender maior prioridade,0.9,3.0,1,0,1,1,4.0,0,1,0,0.0,1,0,0,0.0,0
55,10055,8,Inicial,0,Atender maior prioridade,1.0,4.0,1,2,1,0,0.0,1,0,2,1.0,0,0,0,0.0,0
55,10055,9,Inicial,0,Atender maior prioridade,1.0,5.0,1,1,0,0,0.0,0,2,2,2.0,1,0,0,0.0,0
55,10055,10,Inicial,0,Atender maior prioridade,1.0,6.0,1,1,0,0,0.0,0,2,1,3.0,1,0,1,1.0,0
55,10055,11,Inicial,0,Atender maior prioridade,0.9,6.9,1,1,0,1,1.0,0,1,1,4.0,0,1,0,0.0,1
55,10055,12,Inicial,0,Atender maior prioridade,0.8,7.7,1,3,1,2,2.0,0,1,2,5.0,1,0,0,0.0,0
55,10055,13,Inicial,0,Atender maior prioridade,0.7,8.4,1,1,2,2,3.0,0,2,1,6.0,1,0,1,1.0,0
55,10055,14,Inicial,0,Atender maior prioridade,0.5,8.9,1,3,2,4,4.0,0,1,2,7.0,0,1,0,0.0,1
55,10055,15,Inicial,0,Atender maior prioridade,0.30000000000000004,9.200000000000001,1,3,4,4,5.0,0,2,3,8.0,1,0,1,1.0,0
55,10055,16,Inicial,0,Atender maior prioridade,0.09999999999999987,9.3,1,1,4,4,6.0,0,3,4,9.0,0,1,0,0.0,1
55,10055,17,Inicial,0,Atender maior prioridade,-0.10000000000000009,9.200000000000001,1,1,4,4,7.0,0,4,3,10.0,1,0,1,1.0,0
55,10055,18,Inicial,0,Atender maior prioridade,-0.30000000000000004,8.9,1,0,4,4,8.0,0,3,3,11.0,0,1,0,0.0,1
55,10055,19,Inicial,0,Atender maior prioridade,-0.5000000000000001,8.4,1,0,4,4,9.0,0,3,2,12.0,1,0,0,0.0,0
55,10055,20,Inicial,0,Atender maior prioridade,-0.7000000000000001,7.7,1,1,4,5,10.0,0,2,1,13.0,1,0,0,0.0,0
55,10055,21,Inicial,0,Atender maior prioridade,-0.9000000000000001,6.8,1,3,5,6,11.0,0,1,1,14.0,1,0,1,1.0,0
55,10055,22,Inicial,0,Atender maior prioridade,-1.1,5.699999999999999,1,0,6,6,12.0,0,1,1,15.0,0,1,0,0.0,1
55,10055,23,Inicial,0,Atender maior prioridade,0.0,5.699999999999999,1,1,6,7,13.0,0,1,0,0.0,1,0,0,0.0,0
55,10055,24,Inicial,1,Atender fila mais longa,-0.10000000000000009,5.6,1,1,7,7,14.0,1,0,0,0.0,0,0,0,0.0,0
55,10055,25,Inicial,1,Atender fila mais longa,-0.20000000000000018,5.3999999999999995,1,2,7,7,15.0,1,0,1,1.0,0,0,0,0.0,0
55,10055,26,Inicial,1,Atender fila mais longa,-0.30000000000000004,5.1,1,1,7,6,16.0,1,1,2,2.0,0,0,0,0.0,0
55,10055,27,Inicial,1,Atender fila mais longa,-0.40000000000000013,4.699999999999999,1,1,6,6,17.0,1,2,2,3.0,0,0,0,0.0,0
55,10055,28,Inicial,2,Encaminhar fila 0,-2.1,2.599999999999999,1,0,6,5,18.0,1,2,2,4.0,0,0,0,0.0,0
55,10055,29,Inicial,2,Encaminhar fila 0,-2.3,0.2999999999999994,1,0,5,4,19.0,1,2,2,5.0,0,0,0,0.0,0
55,10055,30,Inicial,2,Encaminhar fila 0,-2.5,-2.2000000000000006,1,0,4,3,20.0,1,2,2,6.0,0,0,0,0.0,0
55,10055,31,Inicial,2,Encaminhar fila 0,-2.7,-4.9,1,2,3,3,21.0,1,2,2,7.0,0,0,1,1.0,0
55,10055,32,Inicial,2,Encaminhar fila 0,-2.9000000000000004,-7.800000000000001,1,1,3,2,22.0,1,2,2,8.0,0,1,2,2.0,0
55,10055,33,Inicial,2,Encaminhar fila 0,-3.1,-10.9,1,1,2,1,23.0,1,2,3,9.0,0,2,2,3.0,0
55,10055,34,Intermediária,2,Encaminhar fila 0,-3.4000000000000004,-14.3,1,1,1,1,24.0,1,3,3,10.0,0,2,2,4.0,0
55,10055,35,Intermediária,2,Encaminhar fila 0,-3.7,-18.0,1,1,1,1,25.0,1,3,3,11.0,0,2,2,5.0,0
55,10055,36,Intermediária,2,Encaminhar fila 0,-1.7000000000000002,-19.7,1,1,1,0,0.0,1,3,4,12.0,0,2,2,6.0,0
55,10055,37,Intermediária,0,Atender maior prioridade,-0.4,-20.099999999999998,1,1,0,0,0.0,0,4,5,13.0,0,2,1,7.0,1
55,10055,38,Intermediária,0,Atender maior prioridade,-0.6000000000000001,-20.7,1,2,0,1,1.0,0,5,5,14.0,0,1,1,8.0,1
55,10055,39,Intermediária,0,Atender maior prioridade,-0.20000000000000018,-20.9,1,0,1,1,2.0,0,5,5,15.0,0,1,0,0.0,1
55,10055,40,Intermediária,0,Atender maior prioridade,-0.30000000000000004,-21.2,1,4,1,2,3.0,0,5,6,16.0,1,0,1,1.0,0
55,10055,41,Intermediária,0,Atender maior prioridade,-0.5000000000000001,-21.7,1,0,2,2,4.0,0,6,6,17.0,0,1,0,0.0,1
55,10055,42,Intermediária,0,Atender maior prioridade,-0.7,-22.4,1,2,2,2,5.0,0,6,6,18.0,1,0,1,1.0,0
55,10055,43,Intermediária,0,Atender maior prioridade,-0.9000000000000001,-23.299999999999997,1,5,2,2,6.0,0,6,10,19.0,0,1,1,2.0,1
55,10055,44,Intermediária,0,Atender maior prioridade,-1.1,-24.4,1,1,2,2,7.0,0,10,10,20.0,0,1,1,3.0,1
55,10055,45,Intermediária,0,Atender maior prioridade,-1.3,-25.7,1,0,2,2,8.0,0,10,10,21.0,0,1,0,0.0,1
55,10055,46,Intermediária,0,Atender maior prioridade,-1.5000000000000002,-27.2,1,2,2,2,9.0,0,10,11,22.0,1,0,0,0.0,0
55,10055,47,Intermediária,0,Atender maior prioridade,-1.7000000000000002,-28.9,1,3,2,3,10.0,0,11,11,23.0,1,0,1,1.0,0
55,10055,48,Intermediária,0,Atender maior prioridade,-1.9000000000000001,-30.799999999999997,1,0,3,3,11.0,0,11,11,24.0,0,1,0,0.0,1
55,10055,49,Intermediária,0,Atender maior prioridade,-2.1,-32.9,1,2,3,3,12.0,0,11,11,25.0,1,0,1,1.0,0
55,10055,50,Intermediária,0,Atender maior prioridade,-2.3000000000000003,-35.199999999999996,1,3,3,3,13.0,0,11,13,26.0,0,1,1,2.0,1
55,10055,51,Intermediária,0,Atender maior prioridade,-2.5000000000000004,-37.699999999999996,1,0,3,3,14.0,0,13,13,27.0,0,1,0,0.0,1
55,10055,52,Intermediária,0,Atender maior prioridade,-2.7,-40.4,1,1,3,3,15.0,0,13,13,28.0,1,0,0,0.0,0
55,10055,53,Intermediária,0,Atender maior prioridade,-2.9000000000000004,-43.3,1,0,3,3,16.0,0,13,12,29.0,1,0,0,0.0,0
55,10055,54,Intermediária,0,Atender maior prioridade,-3.1000000000000005,-46.4,1,2,3,4,17.0,0,12,12,30.0,1,0,0,0.0,0
55,10055,55,Intermediária,0,Atender maior prioridade,-3.3000000000000003,-49.699999999999996,1,1,4,5,18.0,0,12,11,31.0,1,0,0,0.0,0
55,10055,56,Intermediária,0,Atender maior prioridade,-3.5000000000000004,-53.199999999999996,1,2,5,6,19.0,0,11,11,32.0,1,0,0,0.0,0
55,10055,57,Intermediária,0,Atender maior prioridade,-3.7,-56.9,1,1,6,6,20.0,0,11,11,33.0,1,0,0,0.0,0
55,10055,58,Intermediária,0,Atender maior prioridade,-3.9000000000000004,-60.8,1,2,6,7,21.0,0,11,11,34.0,1,0,0,0.0,0
55,10055,59,Intermediária,0,Atender maior prioridade,-4.1000000000000005,-64.89999999999999,1,2,7,8,22.0,0,11,11,35.0,1,0,0,0.0,0
55,10055,60,Intermediária,0,Atender maior prioridade,-4.300000000000001,-69.19999999999999,1,2,8,8,23.0,0,11,12,36.0,1,0,0,0.0,0
55,10055,61,Intermediária,0,Atender maior prioridade,-4.5,-73.69999999999999,1,0,8,8,24.0,0,12,11,37.0,1,0,0,0.0,0
55,10055,62,Intermediária,0,Atender maior prioridade,-4.7,-78.39999999999999,1,3,8,8,25.0,0,11,13,38.0,1,0,0,0.0,0
55,10055,63,Intermediária,0,Atender maior prioridade,-4.9,-83.3,1,0,8,8,26.0,0,13,12,39.0,1,0,0,0.0,0
55,10055,64,Intermediária,0,Atender maior prioridade,-5.1000000000000005,-88.39999999999999,1,3,8,8,27.0,0,12,13,40.0,1,0,1,1.0,0
55,10055,65,Intermediária,0,Atender maior prioridade,-5.300000000000001,-93.69999999999999,1,0,8,8,28.0,0,13,13,41.0,0,1,0,0.0,1
55,10055,66,Intermediária,0,Atender maior prioridade,-5.5,-99.19999999999999,1,1,8,8,29.0,0,13,13,42.0,1,0,0,0.0,0
55,10055,67,Final,0,Atender maior prioridade,-5.7,-104.89999999999999,1,3,8,8,30.0,0,13,14,43.0,1,0,1,1.0,0
55,10055,68,Final,0,Atender maior prioridade,-5.9,-110.8,1,1,8,8,31.0,0,14,15,44.0,0,1,0,0.0,1
55,10055,69,Final,0,Atender maior prioridade,-6.1000000000000005,-116.89999999999999,1,0,8,8,32.0,0,15,14,45.0,1,0,0,0.0,0
55,10055,70,Final,0,Atender maior prioridade,-6.3,-123.19999999999999,1,3,8,8,33.0,0,14,15,46.0,1,0,1,1.0,0
55,10055,71,Final,0,Atender maior prioridade,-6.5,-129.7,1,2,8,8,34.0,0,15,16,47.0,0,1,1,2.0,1
55,10055,72,Final,0,Atender maior prioridade,-6.7,-136.39999999999998,1,0,8,8,35.0,0,16,16,48.0,0,1,0,0.0,1
55,10055,73,Final,0,Atender maior prioridade,-6.9,-143.29999999999998,1,0,8,8,36.0,0,16,15,49.0,1,0,0,0.0,0
55,10055,74,Final,0,Atender maior prioridade,-7.1000000000000005,-150.39999999999998,1,0,8,8,37.0,0,15,14,50.0,1,0,0,0.0,0
55,10055,75,Final,0,Atender maior prioridade,-7.300000000000001,-157.7,1,1,8,9,38.0,0,14,13,51.0,1,0,0,0.0,0
55,10055,76,Final,0,Atender maior prioridade,-7.5,-165.2,1,1,9,9,39.0,0,13,12,52.0,1,0,1,1.0,0
55,10055,77,Final,0,Atender maior prioridade,-7.7,-172.89999999999998,1,0,9,9,40.0,0,12,12,53.0,0,1,0,0.0,1
55,10055,78,Final,0,Atender maior prioridade,-7.9,-180.79999999999998,1,2,9,9,41.0,0,12,12,54.0,1,0,1,1.0,0
55,10055,79,Final,0,Atender maior prioridade,-8.100000000000001,-188.89999999999998,1,1,9,9,42.0,0,12,13,55.0,0,1,0,0.0,1
55,10055,80,Final,0,Atender maior prioridade,-8.3,-197.2,1,1,9,9,43.0,0,13,12,56.0,1,0,1,1.0,0
55,10055,81,Final,0,Atender maior prioridade,-8.5,-205.7,1,0,9,9,44.0,0,12,12,57.0,0,1,0,0.0,1
55,10055,82,Final,0,Atender maior prioridade,-8.7,-214.39999999999998,1,3,9,10,45.0,0,12,13,58.0,1,0,0,0.0,0
55,10055,83,Final,0,Atender maior prioridade,-8.9,-223.29999999999998,1,0,10,10,46.0,0,13,12,59.0,1,0,0,0.0,0
55,10055,84,Final,0,Atender maior prioridade,-9.100000000000001,-232.39999999999998,1,2,10,11,47.0,0,12,11,60.0,1,0,1,1.0,0
55,10055,85,Final,0,Atender maior prioridade,-9.3,-241.7,1,3,11,12,48.0,0,11,13,61.0,0,1,0,0.0,1
55,10055,86,Final,0,Atender maior prioridade,-9.5,-251.2,1,0,12,12,49.0,0,13,12,62.0,1,0,0,0.0,0
55,10055,87,Final,0,Atender maior prioridade,-9.7,-260.9,1,2,12,14,50.0,0,12,11,63.0,1,0,0,0.0,0
55,10055,88,Final,0,Atender maior prioridade,-9.900000000000002,-270.79999999999995,1,0,14,14,51.0,0,11,10,64.0,1,0,0,0.0,0
55,10055,89,Final,0,Atender maior prioridade,-10.100000000000001,-280.9,1,0,14,14,52.0,0,10,9,65.0,1,0,0,0.0,0
55,10055,90,Final,0,Atender maior prioridade,-10.3,-291.2,1,2,14,14,53.0,0,9,9,66.0,1,0,1,1.0,0
55,10055,91,Final,0,Atender maior prioridade,-10.5,-301.7,1,1,14,14,54.0,0,9,10,67.0,0,1,0,0.0,1
55,10055,92,Final,0,Atender maior prioridade,-10.7,-312.4,1,2,14,14,55.0,0,10,10,68.0,1,0,1,1.0,0
55,10055,93,Final,0,Atender maior prioridade,-10.900000000000002,-323.29999999999995,1,0,14,14,56.0,0,10,10,69.0,0,1,0,0.0,1
55,10055,94,Final,0,Atender maior prioridade,-11.100000000000001,-334.4,1,2,14,15,57.0,0,10,9,70.0,1,0,1,1.0,0
55,10055,95,Final,0,Atender maior prioridade,-11.3,-345.7,1,1,15,15,58.0,0,9,9,71.0,0,1,1,2.0,1
55,10055,96,Final,0,Atender maior prioridade,-11.5,-357.2,1,2,15,15,59.0,0,9,10,72.0,0,1,1,3.0,1
55,10055,97,Final,0,Atender maior prioridade,-11.7,-368.9,1,1,15,16,60.0,0,10,10,73.0,0,1,0,0.0,1
55,10055,98,Final,0,Atender maior prioridade,-11.900000000000002,-380.79999999999995,1,1,16,16,61.0,0,10,10,74.0,1,0,0,0.0,0
55,10055,99,Final,0,Atender maior prioridade,-12.100000000000001,-392.9,1,2,16,16,62.0,0,10,10,75.0,1,0,1,1.0,0
55,10055,100,Final,0,Atender maior prioridade,-12.3,-405.2,1,1,16,16,63.0,0,10,11,76.0,0,1,0,0.0,1
